DUT,CMH,CML,freq,Sys11,Sys14
open,3,2,10000,2.21E-13,2.25E-13
open,3,2,11000,2.22E-13,2.28E-13
open,3,2,12000,2.22E-13,2.27E-13
open,3,2,13000,2.22E-13,2.27E-13
open,3,2,14000,2.22E-13,2.27E-13
open,3,2,15000,2.22E-13,2.28E-13
open,3,2,16000,2.22E-13,2.27E-13
open,3,2,17000,2.22E-13,2.27E-13
open,3,2,18000,2.22E-13,2.26E-13
open,3,2,19000,2.23E-13,2.27E-13
open,3,2,20000,2.22E-13,2.27E-13
open,3,2,21000,2.22E-13,2.27E-13
open,3,2,22000,2.22E-13,2.27E-13
open,3,2,23000,2.22E-13,2.27E-13
open,3,2,24000,2.23E-13,2.27E-13
open,3,2,25000,2.21E-13,2.27E-13
open,3,2,26000,2.22E-13,2.27E-13
open,3,2,27000,2.20E-13,2.17E-13
open,3,2,28000,2.22E-13,2.28E-13
open,3,2,29000,2.21E-13,2.26E-13
open,3,2,30000,2.21E-13,2.27E-13
open,3,2,31000,2.21E-13,2.26E-13
open,3,2,32000,2.21E-13,2.26E-13
open,3,2,33000,2.21E-13,2.26E-13
open,3,2,34000,2.21E-13,2.26E-13
open,3,2,35000,2.21E-13,2.26E-13
open,3,2,36000,2.20E-13,2.25E-13
open,3,2,37000,2.21E-13,2.25E-13
open,3,2,38000,2.20E-13,2.25E-13
open,3,2,39000,2.20E-13,2.25E-13
open,3,2,40000,2.20E-13,2.25E-13
open,3,2,41000,2.21E-13,2.24E-13
open,3,2,42000,2.20E-13,2.24E-13
open,3,2,43000,2.20E-13,2.24E-13
open,3,2,44000,2.20E-13,2.24E-13
open,3,2,45000,2.21E-13,2.18E-13
open,3,2,46000,2.20E-13,2.26E-13
open,3,2,47000,2.20E-13,2.24E-13
open,3,2,48000,2.20E-13,2.24E-13
open,3,2,49000,2.20E-13,2.24E-13
open,3,2,50000,2.20E-13,2.24E-13
open,3,2,51000,2.19E-13,2.24E-13
open,3,2,52000,2.20E-13,2.23E-13
open,3,2,53000,2.19E-13,2.24E-13
open,3,2,54000,2.19E-13,2.23E-13
open,3,2,55000,2.19E-13,2.23E-13
open,3,2,56000,2.19E-13,2.23E-13
open,3,2,57000,2.19E-13,2.23E-13
open,3,2,58000,2.19E-13,2.23E-13
open,3,2,59000,2.19E-13,2.23E-13
open,3,2,60000,2.18E-13,2.22E-13
open,3,2,61000,2.19E-13,2.22E-13
open,3,2,62000,2.19E-13,2.23E-13
open,3,2,63000,2.17E-13,2.25E-13
open,3,2,64000,2.18E-13,2.22E-13
open,3,2,65000,2.18E-13,2.22E-13
open,3,2,66000,2.18E-13,2.23E-13
open,3,2,67000,2.18E-13,2.23E-13
open,3,2,68000,2.18E-13,2.22E-13
open,3,2,69000,2.18E-13,2.23E-13
open,3,2,70000,2.18E-13,2.22E-13
open,3,2,71000,2.18E-13,2.23E-13
open,3,2,72000,2.18E-13,2.23E-13
open,3,2,73000,2.18E-13,2.23E-13
open,3,2,74000,2.18E-13,2.23E-13
open,3,2,75000,2.17E-13,2.22E-13
open,3,2,76000,2.17E-13,2.22E-13
open,3,2,77000,2.17E-13,2.23E-13
open,3,2,78000,2.17E-13,2.22E-13
open,3,2,79000,2.17E-13,2.22E-13
open,3,2,80000,2.17E-13,2.22E-13
open,3,2,81000,2.17E-13,2.20E-13
open,3,2,82000,2.17E-13,2.23E-13
open,3,2,83000,2.17E-13,2.22E-13
open,3,2,84000,2.17E-13,2.22E-13
open,3,2,85000,2.17E-13,2.22E-13
open,3,2,86000,2.16E-13,2.22E-13
open,3,2,87000,2.16E-13,2.22E-13
open,3,2,88000,2.16E-13,2.22E-13
open,3,2,89000,2.16E-13,2.22E-13
open,3,2,90000,2.16E-13,2.21E-13
open,3,2,91000,2.16E-13,2.21E-13
open,3,2,92000,2.16E-13,2.22E-13
open,3,2,93000,2.16E-13,2.22E-13
open,3,2,94000,2.16E-13,2.21E-13
open,3,2,95000,2.16E-13,2.21E-13
open,3,2,96000,2.16E-13,2.21E-13
open,3,2,97000,2.16E-13,2.22E-13
open,3,2,98000,2.16E-13,2.23E-13
open,3,2,99000,2.15E-13,2.26E-13
open,3,2,100000,2.15E-13,2.21E-13
open,3,2,110000,2.15E-13,2.22E-13
open,3,2,120000,2.14E-13,2.22E-13
open,3,2,130000,2.14E-13,2.22E-13
open,3,2,140000,2.13E-13,2.23E-13
open,3,2,150000,2.12E-13,2.23E-13
open,3,2,160000,2.12E-13,2.23E-13
open,3,2,170000,2.11E-13,2.22E-13
open,3,2,180000,2.10E-13,2.21E-13
open,3,2,190000,2.10E-13,2.21E-13
open,3,2,200000,2.09E-13,2.20E-13
open,3,2,210000,2.08E-13,2.20E-13
open,3,2,220000,2.08E-13,2.20E-13
open,3,2,230000,2.07E-13,2.19E-13
open,3,2,240000,2.07E-13,2.18E-13
open,3,2,250000,2.00E-13,2.19E-13
open,3,2,260000,2.06E-13,2.18E-13
open,3,2,270000,2.05E-13,2.17E-13
open,3,2,280000,2.05E-13,2.17E-13
open,3,2,290000,2.04E-13,2.16E-13
open,3,2,300000,2.04E-13,2.16E-13
open,3,2,310000,2.03E-13,2.15E-13
open,3,2,320000,2.03E-13,2.15E-13
open,3,2,330000,2.02E-13,2.14E-13
open,3,2,340000,2.02E-13,2.14E-13
open,3,2,350000,2.01E-13,2.13E-13
open,3,2,360000,2.01E-13,2.13E-13
open,3,2,370000,2.00E-13,2.12E-13
open,3,2,380000,2.00E-13,2.12E-13
open,3,2,390000,1.99E-13,2.11E-13
open,3,2,400000,1.99E-13,2.10E-13
open,3,2,410000,1.98E-13,2.10E-13
open,3,2,420000,1.97E-13,2.09E-13
open,3,2,430000,1.97E-13,2.10E-13
open,3,2,440000,1.96E-13,2.09E-13
open,3,2,450000,1.96E-13,2.09E-13
open,3,2,460000,1.95E-13,2.08E-13
open,3,2,470000,1.94E-13,2.08E-13
open,3,2,480000,1.94E-13,2.08E-13
open,3,2,490000,1.93E-13,2.07E-13
open,3,2,500000,1.93E-13,2.07E-13
open,3,2,510000,1.92E-13,2.06E-13
open,3,2,520000,1.91E-13,2.06E-13
open,3,2,530000,1.91E-13,2.06E-13
open,3,2,540000,1.90E-13,2.06E-13
open,3,2,550000,1.90E-13,2.05E-13
open,3,2,560000,1.89E-13,2.04E-13
open,3,2,570000,1.88E-13,2.05E-13
open,3,2,580000,1.88E-13,2.04E-13
open,3,2,590000,1.87E-13,2.03E-13
open,3,2,600000,1.86E-13,2.02E-13
open,3,2,610000,1.85E-13,2.02E-13
open,3,2,620000,1.85E-13,2.02E-13
open,3,2,630000,1.84E-13,2.02E-13
open,3,2,640000,1.84E-13,2.01E-13
open,3,2,650000,1.83E-13,2.01E-13
open,3,2,660000,1.82E-13,2.00E-13
open,3,2,670000,1.81E-13,2.00E-13
open,3,2,680000,1.80E-13,1.99E-13
open,3,2,690000,1.80E-13,1.98E-13
open,3,2,700000,1.79E-13,1.98E-13
open,3,2,710000,1.78E-13,1.98E-13
open,3,2,720000,1.77E-13,1.97E-13
open,3,2,730000,1.76E-13,1.97E-13
open,3,2,740000,1.76E-13,1.96E-13
open,3,2,750000,1.75E-13,1.97E-13
open,3,2,760000,1.74E-13,1.95E-13
open,3,2,770000,1.73E-13,1.95E-13
open,3,2,780000,1.72E-13,1.94E-13
open,3,2,790000,1.71E-13,1.94E-13
open,3,2,800000,1.70E-13,1.93E-13
open,3,2,810000,1.70E-13,1.92E-13
open,3,2,820000,1.69E-13,1.92E-13
open,3,2,830000,1.68E-13,1.91E-13
open,3,2,840000,1.67E-13,1.91E-13
open,3,2,850000,1.66E-13,1.90E-13
open,3,2,860000,1.65E-13,1.90E-13
open,3,2,870000,1.64E-13,1.90E-13
open,3,2,880000,1.63E-13,1.89E-13
open,3,2,890000,1.62E-13,1.88E-13
open,3,2,900000,1.61E-13,1.88E-13
open,3,2,910000,1.60E-13,1.87E-13
open,3,2,920000,1.59E-13,1.87E-13
open,3,2,930000,1.58E-13,1.86E-13
open,3,2,940000,1.57E-13,1.85E-13
open,3,2,950000,1.56E-13,1.85E-13
open,3,2,960000,1.54E-13,1.84E-13
open,3,2,970000,1.53E-13,1.83E-13
open,3,2,980000,1.55E-13,1.85E-13
open,3,2,990000,1.54E-13,1.85E-13
open,3,2,1000000,1.53E-13,1.82E-13
